{"cameraMode":{"drawMode":0,"name":"Shaded","section":"Shading Mode"},"sceneLighting":true,"audioPlay":false,"sceneViewState":{"m_AlwaysRefresh":false,"showFog":true,"showSkybox":true,"showFlares":true,"showImageEffects":true,"showParticleSystems":true,"showVisualEffectGraphs":true,"m_FxEnabled":true},"in2DMode":false,"pivot":{"x":0.46455758810043337,"y":-15.337087631225586,"z":0.5566554069519043},"rotation":{"x":-0.6260091662406921,"y":-0.0252210833132267,"z":0.020334210246801378,"w":-0.7792022824287415},"size":15.097332000732422,"orthographic":false}