{"cameraMode":{"drawMode":0,"name":"Shaded","section":"Shading Mode"},"sceneLighting":true,"audioPlay":false,"sceneViewState":{"m_AlwaysRefresh":false,"showFog":true,"showSkybox":true,"showFlares":true,"showImageEffects":true,"showParticleSystems":true,"showVisualEffectGraphs":true,"m_FxEnabled":true},"in2DMode":false,"pivot":{"x":633.860107421875,"y":1108.09912109375,"z":-13.290283203125},"rotation":{"x":-0.03480495885014534,"y":0.0020992946811020376,"z":-0.000018257394913234748,"w":-0.9994540810585022},"size":2096.647705078125,"orthographic":false}