{"cameraMode":{"drawMode":0,"name":"Shaded","section":"Shading Mode"},"sceneLighting":false,"audioPlay":false,"sceneViewState":{"m_AlwaysRefresh":false,"showFog":true,"showSkybox":false,"showFlares":true,"showImageEffects":true,"showParticleSystems":true,"showVisualEffectGraphs":true,"m_FxEnabled":true},"in2DMode":false,"pivot":{"x":-0.44357016682624819,"y":0.059304773807525638,"z":-0.0025460422039031984},"rotation":{"x":0.3865536153316498,"y":-0.005533544812351465,"z":0.0023193589877337219,"w":0.9222488403320313},"size":0.3977566063404083,"orthographic":false}