{"cameraMode":{"drawMode":0,"name":"Shaded","section":"Shading Mode"},"sceneLighting":false,"audioPlay":false,"sceneViewState":{"m_AlwaysRefresh":false,"showFog":true,"showSkybox":false,"showFlares":true,"showImageEffects":true,"showParticleSystems":true,"showVisualEffectGraphs":true,"m_FxEnabled":true},"in2DMode":false,"pivot":{"x":1.544817328453064,"y":1.0804896354675294,"z":-4.106195449829102},"rotation":{"x":-0.10511591285467148,"y":0.011043253354728222,"z":-0.0011122747091576458,"w":-0.9944604635238648},"size":1.3581151962280274,"orthographic":false}