{"cameraMode":{"drawMode":0,"name":"Shaded","section":"Shading Mode"},"sceneLighting":true,"audioPlay":false,"sceneViewState":{"m_AlwaysRefresh":false,"showFog":true,"showSkybox":true,"showFlares":true,"showImageEffects":true,"showParticleSystems":true,"showVisualEffectGraphs":true,"m_FxEnabled":true},"in2DMode":false,"pivot":{"x":0.7871639728546143,"y":0.6832274198532105,"z":0.5050236582756043},"rotation":{"x":0.6944917440414429,"y":-0.018983982503414155,"z":0.018340788781642915,"w":0.7190900444984436},"size":5.2347798347473148,"orthographic":true}