{"cameraMode":{"drawMode":0,"name":"Shaded","section":"Shading Mode"},"sceneLighting":true,"audioPlay":false,"sceneViewState":{"m_AlwaysRefresh":false,"showFog":true,"showSkybox":true,"showFlares":true,"showImageEffects":true,"showParticleSystems":true,"showVisualEffectGraphs":true,"m_FxEnabled":true},"in2DMode":false,"pivot":{"x":0.42656293511390688,"y":0.7013100385665894,"z":-3.5642483234405519},"rotation":{"x":0.6837708950042725,"y":0.011384669691324234,"z":-0.010671203956007958,"w":0.72957843542099},"size":9.04883098602295,"orthographic":true}