{"cameraMode":{"drawMode":0,"name":"Shaded","section":"Shading Mode"},"sceneLighting":true,"audioPlay":false,"sceneViewState":{"m_AlwaysRefresh":false,"showFog":true,"showSkybox":true,"showFlares":true,"showImageEffects":true,"showParticleSystems":true,"showVisualEffectGraphs":true,"m_FxEnabled":true},"in2DMode":false,"pivot":{"x":0.11833703517913819,"y":-23.02701759338379,"z":-1.6696412563323975},"rotation":{"x":0.0053090001456439499,"y":-0.695412278175354,"z":0.0052953846752643589,"w":0.7187455892562866},"size":7.4068708419799809,"orthographic":true}