{"cameraMode":{"drawMode":0,"name":"Shaded","section":"Shading Mode"},"sceneLighting":true,"audioPlay":false,"sceneViewState":{"m_AlwaysRefresh":false,"showFog":true,"showSkybox":true,"showFlares":true,"showImageEffects":true,"showParticleSystems":true,"showVisualEffectGraphs":true,"m_FxEnabled":true},"in2DMode":false,"pivot":{"x":-1.1075139045715333,"y":0.5463433265686035,"z":-1.6126112937927247},"rotation":{"x":0.44226953387260439,"y":-0.03093736805021763,"z":0.015245936810970307,"w":0.8962680101394653},"size":4.858781814575195,"orthographic":false}