{"cameraMode":{"drawMode":0,"name":"Shaded","section":"Shading Mode"},"sceneLighting":true,"audioPlay":false,"sceneViewState":{"m_AlwaysRefresh":false,"showFog":true,"showSkybox":true,"showFlares":true,"showImageEffects":true,"showParticleSystems":true,"showVisualEffectGraphs":true,"m_FxEnabled":true},"in2DMode":false,"pivot":{"x":1.9536128044128419,"y":-5.256438732147217,"z":4.790013313293457},"rotation":{"x":0.34799250960350039,"y":0.1961844116449356,"z":-0.07471838593482971,"w":0.9137023091316223},"size":16.765350341796876,"orthographic":false}