{"cameraMode":{"drawMode":0,"name":"Shaded","section":"Shading Mode"},"sceneLighting":true,"audioPlay":false,"sceneViewState":{"m_AlwaysRefresh":false,"showFog":true,"showSkybox":true,"showFlares":true,"showImageEffects":true,"showParticleSystems":true,"showVisualEffectGraphs":true,"m_FxEnabled":true},"in2DMode":false,"pivot":{"x":1.8967150449752808,"y":-0.6585267186164856,"z":-1.3824963569641114},"rotation":{"x":0.10365386307239533,"y":0.10275883972644806,"z":-0.010777219198644162,"w":0.989265501499176},"size":3.817519426345825,"orthographic":false}